INSERT INTO Person (SSN,LastName,FirstName,Address,City,State,ZipCode,Telephone,Email,UserPassword,personimg)
VALUES('shiyong','Lu','Shiyong','123 Sucess Street','Stony Brook','NY',11790,'(516)632-8959','shiyong@cs.sunysb.edu','123123','https://microsoft-apiapp7b31e05f68a549329859bed2bfaa83a7.azurewebsites.net/uploads/4.jpg')
INSERT INTO Customer (Rating,CreditCardNum,CustomerID)
VALUES(1,'1234-5678-1234-5678','shiyong')

INSERT INTO Person (SSN,LastName,FirstName,Address,City,State,ZipCode,Telephone,Email,UserPassword,personimg)
VALUES('haixia','Du','Haixia','456 Fortune Road','Stony Brook','NY',11790,'(516)632-4360','dhaixia@cs.sunysb.edu','234234','https://microsoft-apiapp7b31e05f68a549329859bed2bfaa83a7.azurewebsites.net/uploads/41.jpg')
INSERT INTO Customer (Rating,CreditCardNum,CustomerID)
VALUES(1,'5678-1234-5678-1234','haixia')

INSERT INTO Person (SSN,LastName,FirstName,Address,City,State,ZipCode,Telephone,Email,UserPassword,personimg)
VALUES('john','Smith','John','789 Peace Blvd.','Los Angeles','CA',12345,'(412)443-4321','shlu@ic.sunysb.edu','345345','https://microsoft-apiapp7b31e05f68a549329859bed2bfaa83a7.azurewebsites.net/uploads/53.jpg')
INSERT INTO Customer (Rating,CreditCardNum,CustomerID)
VALUES(1,'2345-6789-2345-6789','john')

INSERT INTO Person (SSN,LastName,FirstName,Address,City,State,ZipCode,Telephone,Email,UserPassword,personimg)
VALUES('phil','Phil','Lewis','135 Knowledge Lane','Stony Brook','NY',11794,'(516)666-8888','pml@cs.sunysb.edu','567567','https://microsoft-apiapp7b31e05f68a549329859bed2bfaa83a7.azurewebsites.net/uploads/42.jpg')
INSERT INTO Customer (Rating,CreditCardNum,CustomerID)
VALUES(1,'6789-2345-6789-2345','phil')

INSERT INTO Person (SSN,LastName,FirstName,Address,City,State,ZipCode,Telephone,email,UserPassword,personimg)
VALUES('123-45-6789','Smith','David','123 College road','Stony Brook','NY',11790,'(516)215-2345','smithdavid@cs.sunysb.edu','555555','https://microsoft-apiapp7b31e05f68a549329859bed2bfaa83a7.azurewebsites.net/uploads/45.jpg')
INSERT INTO Employee (StartDate,HourlyRate,MagLevel,EmployeeID)
VALUES ('11/1/98',$60,1,'123-45-6789')

INSERT INTO Person (SSN,LastName,FirstName,Address,City,State,ZipCode,Telephone,email,UserPassword,personimg)
VALUES('nazimamin','Amin','Nazim','123 College road','Stony Brook','NY',11790,'(123)123-1234','nazim.amin@stonybrook.edu','main1212','https://microsoft-apiapp7b31e05f68a549329859bed2bfaa83a7.azurewebsites.net/uploads/placeholder.png')
INSERT INTO Employee (StartDate,HourlyRate,MagLevel,EmployeeID)
VALUES ('12/1/15',$1,1,'nazimamin')

INSERT INTO Person (SSN,LastName,FirstName,Address,City,State,ZipCode,Telephone,email,UserPassword,personimg)
VALUES('junxhuang','Huang','Jun Xiong','123 College road','Stony Brook','NY',11790,'(978)978-9787','junxiong.huang@stonybrook.edu','main1212','https://microsoft-apiapp7b31e05f68a549329859bed2bfaa83a7.azurewebsites.net/uploads/placeholder.png')
INSERT INTO Employee (StartDate,HourlyRate,MagLevel,EmployeeID)
VALUES ('12/1/15',$2,1,'junxhuang')

INSERT INTO Person (SSN,LastName,FirstName,Address,City,State,ZipCode,Telephone,email,UserPassword,personimg)
VALUES('789-12-3456','Warren','David','456 Sunken Street','Stony Brook','NY',11794,'(516)632-9987','warrendavid@cs.sunysb.edu','666666','https://microsoft-apiapp7b31e05f68a549329859bed2bfaa83a7.azurewebsites.net/uploads/77.jpg')
INSERT INTO Employee (StartDate,HourlyRate,MagLevel,EmployeeID)
VALUES ('2/2/99',$50,0,'789-12-3456')

INSERT INTO Person (SSN,LastName,FirstName,Address,City,State,ZipCode,Telephone,email,UserPassword,personimg)
VALUES('orenmho','Oren','Howard','3830 Hillside Street','Mesa','AZ',85201,'(480)512-7690','orenmho@random.com','horen','https://microsoft-apiapp7b31e05f68a549329859bed2bfaa83a7.azurewebsites.net/uploads/39.jpg')
INSERT INTO Customer (Rating,CreditCardNum,CustomerID)
VALUES(1,'2346-1234-9823-8321','orenmho')

INSERT INTO Person (SSN,LastName,FirstName,Address,City,State,ZipCode,Telephone,email,UserPassword,personimg)
VALUES('letj','Leticia','Williams','2282 Wetzel Lane','Traverse City', 'MI',49684,'(231)357-1111','letj@random.com','letwill','https://microsoft-apiapp7b31e05f68a549329859bed2bfaa83a7.azurewebsites.net/uploads/57.jpg')
INSERT INTO Customer (Rating,CreditCardNum,CustomerID)
VALUES(1,'4444-3333-1231-9090','letj')

INSERT INTO Person (SSN,LastName,FirstName,Address,City,State,ZipCode,Telephone,email,UserPassword,personimg)
VALUES('anthaus','Anthony','Austin','3581 Private Lane','Valdosta','GA',31601,'(229)333-1837','anthaus@random.com','ausony','https://microsoft-apiapp7b31e05f68a549329859bed2bfaa83a7.azurewebsites.net/uploads/47.jpg')
INSERT INTO Customer (Rating,CreditCardNum,CustomerID)
VALUES(1,'1241-2141-3421-8078','anthaus')

INSERT INTO Person (SSN,LastName,FirstName,Address,City,State,ZipCode,Telephone,email,UserPassword,personimg)
VALUES('gest','Ana','West','335 Ryan Road','Volga','SD',57071,'(605)627-7232','gest@random.com','anana','https://microsoft-apiapp7b31e05f68a549329859bed2bfaa83a7.azurewebsites.net/uploads/46.jpg')
INSERT INTO Customer (Rating,CreditCardNum,CustomerID)
VALUES(1,'0090-1234-5432-8321','gest')

INSERT INTO Person (SSN,LastName,FirstName,Address,City,State,ZipCode,Telephone,email,UserPassword,personimg)
VALUES('gojoe','Joe','Goforth','4985 Irving Road','Columbus', 'OH',43201,'(740)478-7553','gojoego@random.com','yeahjoeisawesome','https://microsoft-apiapp7b31e05f68a549329859bed2bfaa83a7.azurewebsites.net/uploads/21.jpg')
INSERT INTO Customer (Rating,CreditCardNum,CustomerID)
VALUES(1,'0123-3333-3490-9090','gojoe')

INSERT INTO Person (SSN,LastName,FirstName,Address,City,State,ZipCode,Telephone,email,UserPassword,personimg)
VALUES('notchrist','Christopher','Burns','3391 Briarwood Drive','Swedesboro','NJ',08085,'(856)467-7046','thisisnotchrist@random.com','okitischrist','https://microsoft-apiapp7b31e05f68a549329859bed2bfaa83a7.azurewebsites.net/uploads/23.jpg')
INSERT INTO Customer (Rating,CreditCardNum,CustomerID)
VALUES(1,'0942-9021-3421-8078','notchrist')

INSERT INTO Person (SSN,LastName,FirstName,Address,City,State,ZipCode,Telephone,email,UserPassword,personimg)
VALUES('velvel','Velma','Hernandez','499 Eagles Nest Drive','Shingle Springs','CA',95682,'(530)676-6359','velvelll@random.com','herherisher','https://microsoft-apiapp7b31e05f68a549329859bed2bfaa83a7.azurewebsites.net/uploads/36.jpg')
INSERT INTO Customer (Rating,CreditCardNum,CustomerID)
VALUES(1,'8923-1234-5432-9843','velvel')

INSERT INTO Person (SSN,LastName,FirstName,Address,City,State,ZipCode,Telephone,email,UserPassword,personimg)
VALUES('yesdonaald','Diane','McDonald','2565 Del Dew Drive','North Beach', 'MD',20714,'(301)855-1976','yesdonaaldya@random.com','mcdonaldislove','https://microsoft-apiapp7b31e05f68a549329859bed2bfaa83a7.azurewebsites.net/uploads/30.jpg')
INSERT INTO Customer (Rating,CreditCardNum,CustomerID)
VALUES(1,'0941-5934-9342-9090','yesdonaald')

INSERT INTO Person (SSN,LastName,FirstName,Address,City,State,ZipCode,Telephone,email,UserPassword,personimg)
VALUES('fkey','Guadalupe','Okelley','3754 Franklin Avenue','Palacios','TX',77465,'(361)972-4509','keyf@random.com','pkey','https://microsoft-apiapp7b31e05f68a549329859bed2bfaa83a7.azurewebsites.net/uploads/12.jpg')
INSERT INTO Customer (Rating,CreditCardNum,CustomerID)
VALUES(1,'6834-9021-9482-8078','fkey')

INSERT INTO Person (SSN,LastName,FirstName,Address,City,State,ZipCode,Telephone,email,UserPassword,personimg)
VALUES('wwweb','Elaine','Webb','3736 Irish Lane','Verona','WI',53593,'(608)827-9569','wwweb@random.com','worldwideweb','https://microsoft-apiapp7b31e05f68a549329859bed2bfaa83a7.azurewebsites.net/uploads/11.jpg')
INSERT INTO Customer (Rating,CreditCardNum,CustomerID)
VALUES(1,'0932-8293-3421-8432','wwweb')

begin
INSERT INTO Item (ItemName,ItemType,YearManufactured,AmountInStock)
VALUES('Titanic','DVD','2005',1)
INSERT INTO Auction (OpenBid,currentbid,BidIncrement,ReservePrice,Monitor,ItemName,SellerID,descriptions,itemimg)
VALUES (15,15,0.5,10,'123-45-6789','Titanic','phil','best love movie of all times','https://microsoft-apiapp7b31e05f68a549329859bed2bfaa83a7.azurewebsites.net/uploads/titanic.jpg')
INSERT INTO Post (ExpireDates,PostDate,CustomerID,ItemName,AuctionID)
VALUES ('12/16/15 1:00PM',GETDATE(),'phil','Titanic',SCOPE_IDENTITY())
end
begin
INSERT INTO Item (ItemName,ItemType,YearManufactured,AmountInStock)
VALUES('Nissan Sentra','Car','2007',1)
INSERT INTO Auction (OpenBid,currentbid,BidIncrement,ReservePrice,Monitor,ItemName,SellerID,descriptions,itemimg)
VALUES (1000,1000,25,2000,'123-45-6789','Nissan Sentra','john','very nice 2007 car and very cheap','https://microsoft-apiapp7b31e05f68a549329859bed2bfaa83a7.azurewebsites.net/uploads/NissanSentra.jpg')
INSERT INTO Post (ExpireDates,PostDate,CustomerID,ItemName,AuctionID)
VALUES ('12/16/15 1:00PM',GETDATE(),'john','Nissan Sentra',SCOPE_IDENTITY())
end


begin
INSERT INTO Item (ItemName,ItemType,YearManufactured,AmountInStock)
VALUES('Silver Car','Car','2020',1)
INSERT INTO Auction (OpenBid,currentbid,BidIncrement,ReservePrice,Monitor,ItemName,SellerID,descriptions,itemimg)
VALUES (10000,10000,100,20000,'junxhuang','Silver Car','notchrist','very future car super cheap','https://microsoft-apiapp7b31e05f68a549329859bed2bfaa83a7.azurewebsites.net/uploads/car.jpg')
INSERT INTO Post (ExpireDates,PostDate,CustomerID,ItemName,AuctionID)
VALUES ('12/16/15 1:00PM',GETDATE(),'notchrist','Silver Car',SCOPE_IDENTITY())
end

begin
INSERT INTO Item (ItemName,ItemType,YearManufactured,AmountInStock)
VALUES('Red Car','Car','2000',1)
INSERT INTO Auction (OpenBid,currentbid,BidIncrement,ReservePrice,Monitor,ItemName,SellerID,descriptions,itemimg)
VALUES (1,1,0.25,200,'nazimamin','Red Car','orenmho','wow year 2000 car look at that','https://microsoft-apiapp7b31e05f68a549329859bed2bfaa83a7.azurewebsites.net/uploads/car1.jpg')
INSERT INTO Post (ExpireDates,PostDate,CustomerID,ItemName,AuctionID)
VALUES ('12/16/15 1:00PM',GETDATE(),'orenmho','Red Car',SCOPE_IDENTITY())
end

begin
INSERT INTO Item (ItemName,ItemType,YearManufactured,AmountInStock)
VALUES('Future Today','Car','1955',1)
INSERT INTO Auction (OpenBid,currentbid,BidIncrement,ReservePrice,Monitor,ItemName,SellerID,descriptions,itemimg)
VALUES (9001,9001,100,20000,'nazimamin','Future Today','yesdonaald','Super great condition','https://microsoft-apiapp7b31e05f68a549329859bed2bfaa83a7.azurewebsites.net/uploads/car2.jpg')
INSERT INTO Post (ExpireDates,PostDate,CustomerID,ItemName,AuctionID)
VALUES ('12/16/15 1:00PM',GETDATE(),'yesdonaald','Future Today',SCOPE_IDENTITY())
end

begin
INSERT INTO Item (ItemName,ItemType,YearManufactured,AmountInStock)
VALUES('The Feel Good Book','Book','1988',1)
INSERT INTO Auction (OpenBid,currentbid,BidIncrement,ReservePrice,Monitor,ItemName,SellerID,descriptions,itemimg)
VALUES (5,5,0.5,0,'123-45-6789','The Feel Good Book','letj','feel good now','https://microsoft-apiapp7b31e05f68a549329859bed2bfaa83a7.azurewebsites.net/uploads/book.jpg')
INSERT INTO Post (ExpireDates,PostDate,CustomerID,ItemName,AuctionID)
VALUES ('12/16/15 1:00PM',GETDATE(),'letj','The Feel Good Book',SCOPE_IDENTITY())
end
begin
INSERT INTO Item (ItemName,ItemType,YearManufactured,AmountInStock)
VALUES('Database','Book','2009',1)
INSERT INTO Auction (OpenBid,currentbid,BidIncrement,ReservePrice,Monitor,ItemName,SellerID,descriptions,itemimg)
VALUES (15,15,0.5,0,'nazimamin','Database','letj','Database is great, give me 100 please','https://microsoft-apiapp7b31e05f68a549329859bed2bfaa83a7.azurewebsites.net/uploads/book1.jpg')
INSERT INTO Post (ExpireDates,PostDate,CustomerID,ItemName,AuctionID)
VALUES ('12/16/15 1:00PM',GETDATE(),'letj','Database',SCOPE_IDENTITY())
end
begin
INSERT INTO Item (ItemName,ItemType,YearManufactured,AmountInStock)
VALUES('Computer Science','Book','2015',1)
INSERT INTO Auction (OpenBid,currentbid,BidIncrement,ReservePrice,Monitor,ItemName,SellerID,descriptions,itemimg)
VALUES (12,12,0.5,13,'123-45-6789','Computer Science','wwweb','Computer Science wow best major ever.','https://microsoft-apiapp7b31e05f68a549329859bed2bfaa83a7.azurewebsites.net/uploads/book2.jpg')
INSERT INTO Post (ExpireDates,PostDate,CustomerID,ItemName,AuctionID)
VALUES ('12/16/15 1:00PM',GETDATE(),'wwweb','Computer Science',SCOPE_IDENTITY())
end

begin
INSERT INTO Item (ItemName,ItemType,YearManufactured,AmountInStock)
VALUES('Wipers','Baby','2012',1)
INSERT INTO Auction (OpenBid,currentbid,BidIncrement,ReservePrice,Monitor,ItemName,SellerID,descriptions,itemimg)
VALUES (12,12,0.5,13,'123-45-6789','Wipers','gojoe','clean baby product','https://microsoft-apiapp7b31e05f68a549329859bed2bfaa83a7.azurewebsites.net/uploads/baby.jpg')
INSERT INTO Post (ExpireDates,PostDate,CustomerID,ItemName,AuctionID)
VALUES ('12/16/15 1:00PM',GETDATE(),'gojoe','Wipers',SCOPE_IDENTITY())
end
begin
INSERT INTO Item (ItemName,ItemType,YearManufactured,AmountInStock)
VALUES('Powder','Baby','2012',1)
INSERT INTO Auction (OpenBid,currentbid,BidIncrement,ReservePrice,Monitor,ItemName,SellerID,descriptions,itemimg)
VALUES (12,12,0.5,13,'junxhuang','Powder','gojoe','clean baby product','https://microsoft-apiapp7b31e05f68a549329859bed2bfaa83a7.azurewebsites.net/uploads/baby1.jpg')
INSERT INTO Post (ExpireDates,PostDate,CustomerID,ItemName,AuctionID)
VALUES ('12/16/15 1:00PM',GETDATE(),'gojoe','Powder',SCOPE_IDENTITY())
end
begin
INSERT INTO Item (ItemName,ItemType,YearManufactured,AmountInStock)
VALUES('Toilet','Baby','2012',1)
INSERT INTO Auction (OpenBid,currentbid,BidIncrement,ReservePrice,Monitor,ItemName,SellerID,descriptions,itemimg)
VALUES (12,12,0.5,13,'junxhuang','Toilet','gojoe','clean baby product','https://microsoft-apiapp7b31e05f68a549329859bed2bfaa83a7.azurewebsites.net/uploads/baby2.jpg')
INSERT INTO Post (ExpireDates,PostDate,CustomerID,ItemName,AuctionID)
VALUES ('12/16/15 1:00PM',GETDATE(),'gojoe','Toilet',SCOPE_IDENTITY())
end

begin
INSERT INTO Item (ItemName,ItemType,YearManufactured,AmountInStock)
VALUES('Mop','CLEANING','2012',1)
INSERT INTO Auction (OpenBid,currentbid,BidIncrement,ReservePrice,Monitor,ItemName,SellerID,descriptions,itemimg)
VALUES (6,6,0.5,13,'123-45-6789','Mop','anthaus','cleaning product','https://microsoft-apiapp7b31e05f68a549329859bed2bfaa83a7.azurewebsites.net/uploads/clean.jpg')
INSERT INTO Post (ExpireDates,PostDate,CustomerID,ItemName,AuctionID)
VALUES ('12/16/15 1:00PM',GETDATE(),'anthaus','Mop',SCOPE_IDENTITY())
end
begin
INSERT INTO Item (ItemName,ItemType,YearManufactured,AmountInStock)
VALUES('Gloves','CLEANING','2012',1)
INSERT INTO Auction (OpenBid,currentbid,BidIncrement,ReservePrice,Monitor,ItemName,SellerID,descriptions,itemimg)
VALUES (16,16,0.5,23,'nazimamin','Gloves','anthaus','cleaning product','https://microsoft-apiapp7b31e05f68a549329859bed2bfaa83a7.azurewebsites.net/uploads/clean1.jpg')
INSERT INTO Post (ExpireDates,PostDate,CustomerID,ItemName,AuctionID)
VALUES ('12/16/15 1:00PM',GETDATE(),'anthaus','Gloves',SCOPE_IDENTITY())
end
begin
INSERT INTO Item (ItemName,ItemType,YearManufactured,AmountInStock)
VALUES('Boots','CLEANING','2012',1)
INSERT INTO Auction (OpenBid,currentbid,BidIncrement,ReservePrice,Monitor,ItemName,SellerID,descriptions,itemimg)
VALUES (16,16,0.5,23,'123-45-6789','Boots','fkey','cleaning product','https://microsoft-apiapp7b31e05f68a549329859bed2bfaa83a7.azurewebsites.net/uploads/clean2.jpg')
INSERT INTO Post (ExpireDates,PostDate,CustomerID,ItemName,AuctionID)
VALUES ('12/16/15 1:00PM',GETDATE(),'fkey','Boots',SCOPE_IDENTITY())
end

begin
INSERT INTO Item (ItemName,ItemType,YearManufactured,AmountInStock)
VALUES('Black Shirt','CLOTHING','2012',1)
INSERT INTO Auction (OpenBid,currentbid,BidIncrement,ReservePrice,Monitor,ItemName,SellerID,descriptions,itemimg)
VALUES (60,60,1,63,'nazimamin','Black Shirt','fkey','clothing','https://microsoft-apiapp7b31e05f68a549329859bed2bfaa83a7.azurewebsites.net/uploads/clothing.jpg')
INSERT INTO Post (ExpireDates,PostDate,CustomerID,ItemName,AuctionID)
VALUES ('12/16/15 1:00PM',GETDATE(),'fkey','Black Shirt',SCOPE_IDENTITY())
end
begin
INSERT INTO Item (ItemName,ItemType,YearManufactured,AmountInStock)
VALUES('Blue Dress','CLOTHING','2012',1)
INSERT INTO Auction (OpenBid,currentbid,BidIncrement,ReservePrice,Monitor,ItemName,SellerID,descriptions,itemimg)
VALUES (60,60,1,63,'123-45-6789','Blue Dress','fkey','clothing','https://microsoft-apiapp7b31e05f68a549329859bed2bfaa83a7.azurewebsites.net/uploads/clothing1.jpg')
INSERT INTO Post (ExpireDates,PostDate,CustomerID,ItemName,AuctionID)
VALUES ('12/16/15 1:00PM',GETDATE(),'fkey','Blue Dress',SCOPE_IDENTITY())
end
begin
INSERT INTO Item (ItemName,ItemType,YearManufactured,AmountInStock)
VALUES('Sweater','CLOTHING','2012',1)
INSERT INTO Auction (OpenBid,currentbid,BidIncrement,ReservePrice,Monitor,ItemName,SellerID,descriptions,itemimg)
VALUES (60,60,1,63,'123-45-6789','Sweater','velvel','clothing','https://microsoft-apiapp7b31e05f68a549329859bed2bfaa83a7.azurewebsites.net/uploads/clothing2.jpg')
INSERT INTO Post (ExpireDates,PostDate,CustomerID,ItemName,AuctionID)
VALUES ('12/16/15 1:00PM',GETDATE(),'velvel','Sweater',SCOPE_IDENTITY())
end

begin
INSERT INTO Item (ItemName,ItemType,YearManufactured,AmountInStock)
VALUES('Avengers','DVD','2012',1)
INSERT INTO Auction (OpenBid,currentbid,BidIncrement,ReservePrice,Monitor,ItemName,SellerID,descriptions,itemimg)
VALUES (0,0,.01,0,'junxhuang','Avengers','gest','BEST MOVIE OF ALL TIMES','https://microsoft-apiapp7b31e05f68a549329859bed2bfaa83a7.azurewebsites.net/uploads/dvd.jpg')
INSERT INTO Post (ExpireDates,PostDate,CustomerID,ItemName,AuctionID)
VALUES ('12/16/15 1:00PM',GETDATE(),'gest','Avengers',SCOPE_IDENTITY())
end

begin
INSERT INTO Item (ItemName,ItemType,YearManufactured,AmountInStock)
VALUES('Star Wars 7','DVD','2016',1)
INSERT INTO Auction (OpenBid,currentbid,BidIncrement,ReservePrice,Monitor,ItemName,SellerID,descriptions,itemimg)
VALUES (0,0,.01,0,'junxhuang','Star Wars 7','velvel','BEST MOVIE OF ALL TIMES','https://microsoft-apiapp7b31e05f68a549329859bed2bfaa83a7.azurewebsites.net/uploads/dvd2.jpg')
INSERT INTO Post (ExpireDates,PostDate,CustomerID,ItemName,AuctionID)
VALUES ('12/16/15 1:00PM',GETDATE(),'velvel','Star Wars 7',SCOPE_IDENTITY())
end

begin
insert into staffpicks values(1)
insert into staffpicks values(2)
insert into staffpicks values(3)
insert into staffpicks values(4)
insert into staffpicks values(5)
end